{"cameraMode":{"drawMode":0,"name":"Shaded","section":"Shading Mode"},"sceneLighting":false,"audioPlay":false,"sceneViewState":{"showFog":true,"showMaterialUpdate":false,"showSkybox":false,"showFlares":true,"showImageEffects":true,"showParticleSystems":true,"showVisualEffectGraphs":true,"m_FxEnabled":true},"in2DMode":false,"pivot":{"x":-0.49212193489074709,"y":-0.20934894680976869,"z":0.030572175979614259},"rotation":{"x":0.15814881026744843,"y":-0.047376520931720737,"z":0.007597104646265507,"w":0.9862496256828308},"size":1.379422903060913,"orthographic":false}