{"cameraMode":{"drawMode":0,"name":"Shaded","section":"Shading Mode"},"sceneLighting":true,"audioPlay":false,"sceneViewState":{"showFog":true,"showMaterialUpdate":false,"showSkybox":true,"showFlares":true,"showImageEffects":true,"showParticleSystems":true,"showVisualEffectGraphs":true,"m_FxEnabled":true},"in2DMode":false,"pivot":{"x":63.10685348510742,"y":-0.22005200386047364,"z":30.288074493408204},"rotation":{"x":0.06445538997650147,"y":-0.001497037592343986,"z":0.00009678740752860904,"w":0.997920572757721},"size":32.775577545166019,"orthographic":false}