{"cameraMode":{"drawMode":0,"name":"Shaded","section":"Shading Mode"},"sceneLighting":true,"audioPlay":false,"sceneViewState":{"showFog":true,"showMaterialUpdate":false,"showSkybox":true,"showFlares":true,"showImageEffects":true,"showParticleSystems":true,"showVisualEffectGraphs":true,"m_FxEnabled":true},"in2DMode":false,"pivot":{"x":-64.83229064941406,"y":46.111724853515628,"z":-73.12246704101563},"rotation":{"x":0.08688804507255554,"y":0.0074714068323373798,"z":-0.0006515617715194821,"w":0.9961909055709839},"size":172.08912658691407,"orthographic":false}