{"cameraMode":{"drawMode":0,"name":"Shaded","section":"Shading Mode"},"sceneLighting":true,"audioPlay":false,"sceneViewState":{"showFog":true,"showMaterialUpdate":false,"showSkybox":true,"showFlares":true,"showImageEffects":true,"showParticleSystems":true,"showVisualEffectGraphs":true,"m_FxEnabled":true},"in2DMode":false,"pivot":{"x":36.80065155029297,"y":12.011576652526856,"z":6.550002098083496},"rotation":{"x":0.071935273706913,"y":-0.008976694196462632,"z":0.0006475921836681664,"w":0.9973699450492859},"size":55.71880340576172,"orthographic":false}