{"cameraMode":{"drawMode":0,"name":"Shaded","section":"Shading Mode"},"sceneLighting":false,"audioPlay":false,"sceneViewState":{"showFog":true,"showMaterialUpdate":false,"showSkybox":false,"showFlares":true,"showImageEffects":true,"showParticleSystems":true,"showVisualEffectGraphs":true,"m_FxEnabled":true},"in2DMode":false,"pivot":{"x":0.043923649936914447,"y":-0.10995614528656006,"z":-0.033595383167266849},"rotation":{"x":0.2157808393239975,"y":-0.008787982165813446,"z":0.0019422149052843452,"w":0.9764012098312378},"size":1.079422950744629,"orthographic":false}